[
       {
              "name": "Genève",
              "desc": "ville de Suisse et chef-lieu du canton de Genève",
              "url": "http://www.wikidata.org/entity/Q71",
              "coord": {
                     "lat": "46.2",
                     "lon": "6.15"
              },
              "img": "http://commons.wikimedia.org/wiki/Special:FilePath/Geneva%20from%20Mount%20Sal%C3%A8ve.jpg"
       },
       {
              "name": "Strasbourg",
              "desc": "capitale de la région historique d'Alsace, préfecture du Bas-Rhin et de la région Grand Est",
              "url": "http://www.wikidata.org/entity/Q6602",
              "coord": {
                     "lat": "48.573333333",
                     "lon": "7.752222222"
              },
              "img": "http://commons.wikimedia.org/wiki/Special:FilePath/Strasburg.jpg"
       },
       {
              "name": "Angoulême",
              "desc": "commune française du département de la Charente (chef-lieu)",
              "url": "http://www.wikidata.org/entity/Q134346",
              "coord": {
                     "lat": "45.649444444",
                     "lon": "0.159444444"
              },
              "img": "http://commons.wikimedia.org/wiki/Special:FilePath/Angouleme.jpg"
       },
       {
              "name": "Parlement de Paris",
              "desc": "institution française de l’Ancien Régime",
              "url": "http://www.wikidata.org/entity/Q1242473",
              "coord": {
                     "lat": "48.856111111",
                     "lon": "2.345555555"
              },
              "img": "http://commons.wikimedia.org/wiki/Special:FilePath/Palais%20de%20justice%20de%20Paris%20en%201850.jpg"
       },
       {
              "name": "ancienne université de Paris",
              "desc": "ancienne université (XIIe siècle-1793)",
              "url": "http://www.wikidata.org/entity/Q2845896",
              "coord": {
                     "lat": "48.848611",
                     "lon": "2.343333"
              },
              "img": "http://commons.wikimedia.org/wiki/Special:FilePath/Louis-le-Grand--cour-honneur.jpg"
       },
       {
              "name": "Bâle",
              "desc": "ville de Suisse et chef-lieu du canton de Bâle-Ville",
              "url": "http://www.wikidata.org/entity/Q78",
              "coord": {
                     "lat": "47.560555555",
                     "lon": "7.590555555"
              },
              "img": "http://commons.wikimedia.org/wiki/Special:FilePath/Rhine%20Rhein%20Basel%202006%20871.JPG"
       },
       {
              "name": "Italie",
              "desc": "pays d'Europe du Sud",
              "url": "http://www.wikidata.org/entity/Q38",
              "coord": {
                     "lat": "42.5",
                     "lon": "12.5"
              },
              "img": "http://commons.wikimedia.org/wiki/Special:FilePath/Colosseo%202020.jpg"
       },
       {
              "name": "France",
              "desc": "pays transcontinental au territoire métropolitain situé en Europe de l'Ouest",
              "url": "http://www.wikidata.org/entity/Q142",
              "coord": {
                     "lat": "47.0",
                     "lon": "2.0"
              },
              "img": "http://commons.wikimedia.org/wiki/Special:FilePath/Paris%20from%20the%20Arc%20de%20Triomphe%2C%2017%20October%202019.jpg"
       },
       {
              "name": "Paris",
              "desc": "capitale et ville la plus peuplée de France",
              "url": "http://www.wikidata.org/entity/Q90",
              "coord": {
                     "lat": "48.856666666",
                     "lon": "2.352222222"
              },
              "img": "http://commons.wikimedia.org/wiki/Special:FilePath/La%20Tour%20Eiffel%20vue%20de%20la%20Tour%20Saint-Jacques%2C%20Paris%20ao%C3%BBt%202014%20%282%29.jpg"
       },
       {
              "name": "Zurich",
              "desc": "ville la plus peuplée de Suisse et chef-lieu du canton de Zurich",
              "url": "http://www.wikidata.org/entity/Q72",
              "coord": {
                     "lat": "47.374444444",
                     "lon": "8.541111111"
              },
              "img": "http://commons.wikimedia.org/wiki/Special:FilePath/Zuerich%20Fraumuenster%20St%20Peter.jpg"
       },
       {
              "name": "Berne",
              "desc": "ville de Suisse, capitale du canton de Berne et capitale de facto de la Suisse",
              "url": "http://www.wikidata.org/entity/Q70",
              "coord": {
                     "lat": "46.94798",
                     "lon": "7.44743"
              },
              "img": "http://commons.wikimedia.org/wiki/Special:FilePath/Bern%20luftaufnahme.png"
       },
       {
              "name": "Bienne",
              "desc": "ville et commune du canton de Berne en Suisse",
              "url": "http://www.wikidata.org/entity/Q1034",
              "coord": {
                     "lat": "47.137222222",
                     "lon": "7.247222222"
              },
              "img": "http://commons.wikimedia.org/wiki/Special:FilePath/Picswiss%20BE-98-20%20Biel-%20Stadthaus%20und%20Polizei%20%28Burgplatz%29.jpg"
       },
       {
              "name": "Israël",
              "desc": "État du Proche-Orient",
              "url": "http://www.wikidata.org/entity/Q801",
              "coord": {
                     "lat": "31.0",
                     "lon": "35.0"
              },
              "img": "http://commons.wikimedia.org/wiki/Special:FilePath/%D0%A7%D0%B0%D1%81%D0%BE%D0%B2%D0%B0%D1%8F%20%D0%B1%D0%B0%D1%88%D0%BD%D1%8F%20%D1%81%D1%83%D0%BB%D1%82%D0%B0%D0%BD%D0%B0%20%D0%90%D0%B1%D0%B4%D1%83%D0%BB%20%D0%A5%D0%B0%D0%BC%D0%B8%D0%B4%D0%B0%20II%20-%20panoramio.jpg"
       },
       {
              "name": "Orbe",
              "desc": "municipalité dans le canton de Vaud en Suisse",
              "url": "http://www.wikidata.org/entity/Q68213",
              "coord": {
                     "lat": "46.724452777",
                     "lon": "6.532227777"
              },
              "img": "http://commons.wikimedia.org/wiki/Special:FilePath/Orbe%20VD.JPG"
       },
       {
              "name": "Neuchâtel",
              "desc": "ville de Suisse et chef-lieu du canton de Neuchâtel",
              "url": "http://www.wikidata.org/entity/Q69345",
              "coord": {
                     "lat": "46.990277777",
                     "lon": "6.930555555"
              },
              "img": "http://commons.wikimedia.org/wiki/Special:FilePath/Vuevilledeneuchatel.jpg"
       },
       {
              "name": "Haguenau",
              "desc": "commune française du département du Bas-Rhin",
              "url": "http://www.wikidata.org/entity/Q22730",
              "coord": {
                     "lat": "48.816666666",
                     "lon": "7.787777777"
              },
              "img": "http://commons.wikimedia.org/wiki/Special:FilePath/Assemblage%20haguenau.jpg"
       },
       {
              "name": "Francfort-sur-le-Main",
              "desc": "ville d’Allemagne",
              "url": "http://www.wikidata.org/entity/Q1794",
              "coord": {
                     "lat": "50.110555555",
                     "lon": "8.682222222"
              },
              "img": "http://commons.wikimedia.org/wiki/Special:FilePath/Frankfurter%20Altstadt%20mit%20Skyline%202019%20%28100MP%29.jpg"
       },
       {
              "name": "Allemagne",
              "desc": "pays d'Europe centrale",
              "url": "http://www.wikidata.org/entity/Q183",
              "coord": {
                     "lat": "51.0",
                     "lon": "10.0"
              },
              "img": "http://commons.wikimedia.org/wiki/Special:FilePath/Aerial%20view%20of%20Berlin%20%2832881394137%29.jpg"
       },
       {
              "name": "Nuremberg",
              "desc": "ville d'Allemagne",
              "url": "http://www.wikidata.org/entity/Q2090",
              "coord": {
                     "lat": "49.453888888",
                     "lon": "11.0775"
              },
              "img": "http://commons.wikimedia.org/wiki/Special:FilePath/Nuremberg%2C%20view%20from%20Sinwell%20Tower%202012.06.16%20-%20panoramio.jpg"
       },
       {
              "name": "Rome",
              "desc": "capitale de l'Italie",
              "url": "http://www.wikidata.org/entity/Q220",
              "coord": {
                     "lat": "41.893055555",
                     "lon": "12.482777777"
              },
              "img": "http://commons.wikimedia.org/wiki/Special:FilePath/Rome%20Skyline%20%288012016319%29.jpg"
       },
       {
              "name": "Worms",
              "desc": "ville d'Allemagne",
              "url": "http://www.wikidata.org/entity/Q3852",
              "coord": {
                     "lat": "49.6302618",
                     "lon": "8.3620898"
              },
              "img": "http://commons.wikimedia.org/wiki/Special:FilePath/Wormser%20T%C3%BCrme.JPG"
       },
       {
              "name": "Ratisbonne",
              "desc": "ville d'Allemagne",
              "url": "http://www.wikidata.org/entity/Q2978",
              "coord": {
                     "lat": "49.016666666",
                     "lon": "12.083333333"
              },
              "img": "http://commons.wikimedia.org/wiki/Special:FilePath/Regensburg%2008%202006%202.jpg"
       },
       {
              "name": "Lausanne",
              "desc": "ville de Suisse, chef-lieu du canton de Vaud",
              "url": "http://www.wikidata.org/entity/Q807",
              "coord": {
                     "lat": "46.533333333",
                     "lon": "6.633333333"
              },
              "img": "http://commons.wikimedia.org/wiki/Special:FilePath/Lausanne%20img%200585.jpg"
       },
       {
              "name": "Ferrare",
              "desc": "commune italienne",
              "url": "http://www.wikidata.org/entity/Q13362",
              "coord": {
                     "lat": "44.839166666",
                     "lon": "11.6175"
              },
              "img": "http://commons.wikimedia.org/wiki/Special:FilePath/Castello%20esterno.jpg"
       },
       {
              "name": "château de Blois",
              "desc": "château français situé à Blois",
              "url": "http://www.wikidata.org/entity/Q4055",
              "coord": {
                     "lat": "47.585501",
                     "lon": "1.33095"
              },
              "img": "http://commons.wikimedia.org/wiki/Special:FilePath/Loire%20Cher%20Blois1%20tango7174.jpg"
       },
       {
              "name": "château de Montargis",
              "desc": "château en France situé à Montargis",
              "url": "http://www.wikidata.org/entity/Q20669750",
              "coord": {
                     "lat": "47.999",
                     "lon": "2.72845"
              },
              "img": "http://commons.wikimedia.org/wiki/Special:FilePath/Bastiments%20v1%20%28Gregg%201972%20p52%29%20-%20Montargis%20cutaway%20view%20of%20the%20great%20hall.jpg"
       },
       {
              "name": "Saint-Siège",
              "desc": "juridiction épiscopale de l'Église catholique, à Rome, partie spirituelle du Vatican",
              "url": "http://www.wikidata.org/entity/Q159583",
              "coord": {
                            "lat": "41.9029",
                            "lon": "12.4534"
                        },
              "img": ""
       },
       {
              "name": "Soubise",
              "desc": "commune française du département de la Charente-Maritime",
              "url": "http://www.wikidata.org/entity/Q816315",
              "coord": {
                     "lat": "45.925277777",
                     "lon": "-1.008888888"
              },
              "img": "http://commons.wikimedia.org/wiki/Special:FilePath/Mairie%20de%20Soubise.jpg"
       },
       {
              "name": "Marenne",
              "desc": "section de Hotton, Belgique",
              "url": "http://www.wikidata.org/entity/Q3290413",
              "coord": {
                     "lat": "50.2433",
                     "lon": "5.4167"
              },
              "img": "http://commons.wikimedia.org/wiki/Special:FilePath/Chapelle%20Notre-Dame%20%C3%A0%20Marenne.JPG"
       },
       {
              "name": "Lyon",
              "desc": "ville française d'Auvergne-Rhône-Alpes",
              "url": "http://www.wikidata.org/entity/Q456",
              "coord": {
                     "lat": "45.7675",
                     "lon": "4.835"
              },
              "img": "http://commons.wikimedia.org/wiki/Special:FilePath/01.%20Panorama%20de%20Lyon%20pris%20depuis%20le%20toit%20de%20la%20Basilique%20de%20Fourvi%C3%A8re.jpg"
       },
       {
              "name": "Savoie",
              "desc": "région historique et géographique d'Europe",
              "url": "http://www.wikidata.org/entity/Q14118",
              "img": ""
       },
       {
              "name": "Terre d'Israël",
              "desc": "espace géographique, politique et religieux",
              "url": "http://www.wikidata.org/entity/Q155321",
              "coord": {
                     "lat": "31.0",
                     "lon": "35.0"
              },
              "img": "http://commons.wikimedia.org/wiki/Special:FilePath/Mount-Arbel-189.jpg"
       },
       {
              "name": "Fallais",
              "desc": "section de Braives, Belgique",
              "url": "http://www.wikidata.org/entity/Q1575050",
              "coord": {
                     "lat": "50.6111",
                     "lon": "5.1711"
              },
              "img": "http://commons.wikimedia.org/wiki/Special:FilePath/FallaisVillage.JPG"
       },
       {
              "name": "Cologne",
              "desc": "ville d'Allemagne",
              "url": "http://www.wikidata.org/entity/Q365",
              "coord": {
                     "lat": "50.942222222",
                     "lon": "6.957777777"
              },
              "img": "http://commons.wikimedia.org/wiki/Special:FilePath/Stadtbild%20K%C3%B6ln%20%2850MP%29.jpg"
       },
       {
              "name": "Amsterdam",
              "desc": "capitale des Pays-Bas",
              "url": "http://www.wikidata.org/entity/Q727",
              "coord": {
                     "lat": "52.366666666",
                     "lon": "4.883333333"
              },
              "img": "http://commons.wikimedia.org/wiki/Special:FilePath/Amsterdam%20airphoto.jpg"
       },
       {
              "name": "Hainaut",
              "desc": "province de Wallonie (Belgique)",
              "url": "http://www.wikidata.org/entity/Q1129",
              "coord": {
                     "lat": "50.5",
                     "lon": "3.916666666"
              },
              "img": "http://commons.wikimedia.org/wiki/Special:FilePath/0%20Mons%20-%20Panorama%20vu%20du%20Mont%20H%C3%A9ribus%20%281%29.JPG"
       },
       {
              "name": "Brabant",
              "desc": "province de Belgique jusqu'à sa scission en 1995",
              "url": "http://www.wikidata.org/entity/Q848831",
              "img": ""
       },
       {
              "name": "Pays-Bas",
              "desc": "un des quatre pays autonomes du Royaume des Pays-Bas ; avec des territoires dans les Caraïbes",
              "url": "http://www.wikidata.org/entity/Q55",
              "coord": {
                     "lat": "52.316666666",
                     "lon": "5.55"
              },
              "img": "http://commons.wikimedia.org/wiki/Special:FilePath/Karakteristieke%20boerderij%2C%20Aldlansdyk%20in%20Cornjum%2002.jpg"
       },
       {
              "name": "Spire",
              "desc": "ville d'Allemagne",
              "url": "http://www.wikidata.org/entity/Q6829",
              "coord": {
                     "lat": "49.3165553",
                     "lon": "8.433615"
              },
              "img": "http://commons.wikimedia.org/wiki/Special:FilePath/Speyerer%20Dom%20Dach.jpg"
       },
       {
              "name": "Jérusalem",
              "desc": "ville du Proche-Orient, sainte pour les trois religions abrahamiques",
              "url": "http://www.wikidata.org/entity/Q1218",
              "coord": {
                     "lat": "31.778888888",
                     "lon": "35.225555555"
              },
              "img": "http://commons.wikimedia.org/wiki/Special:FilePath/Dome%20of%20the%20Rock%20seen%20from%20the%20Mount%20of%20Olives%20%2812395649153%29%20%28cropped%29.jpg"
       },
       {
              "name": "Canaan",
              "desc": "région historique du Proche-Orient ancien",
              "url": "http://www.wikidata.org/entity/Q163329",
              "coord": {
                     "lat": "32.766667",
                     "lon": "35.333333"
              },
              "img": "http://commons.wikimedia.org/wiki/Special:FilePath/A%20dictionary%20of%20the%20Bible..%20%281887%29%20%2814781539332%29.jpg"
       },
       {
              "name": "Nérac",
              "desc": "commune française du département de Lot-et-Garonne",
              "url": "http://www.wikidata.org/entity/Q210769",
              "coord": {
                     "lat": "44.136111111",
                     "lon": "0.339444444"
              },
              "img": "http://commons.wikimedia.org/wiki/Special:FilePath/N%C3%A9rac%20vieux%20pont%204.JPG"
       },
       {
              "name": "Artois",
              "desc": "ancienne province de France",
              "url": "http://www.wikidata.org/entity/Q159987",
              "coord": {
                     "lat": "50.5",
                     "lon": "2.5"
              },
              "img": "http://commons.wikimedia.org/wiki/Special:FilePath/Artois.JPG"
       },
       {
              "name": "comté de Hainaut",
              "desc": "ancien comté d'Europe",
              "url": "http://www.wikidata.org/entity/Q309460",
              "img": ""
       },
       {
              "name": "Clairac",
              "desc": "commune française du département de Lot-et-Garonne",
              "url": "http://www.wikidata.org/entity/Q196543",
              "coord": {
                     "lat": "44.359722222",
                     "lon": "0.378888888"
              },
              "img": "http://commons.wikimedia.org/wiki/Special:FilePath/Clairac.jpg"
       },
       {
              "name": "île d'Oléron",
              "desc": "île française, Charente-Maritime, Nouvelle-Aquitaine",
              "url": "http://www.wikidata.org/entity/Q292568",
              "coord": {
                     "lat": "45.925",
                     "lon": "-1.2825"
              },
              "img": "http://commons.wikimedia.org/wiki/Special:FilePath/%C3%8Ele%20d%27Ol%C3%A9ron%20aerial%20view.jpg"
       },
       {
              "name": "Cabrières",
              "desc": "commune française du département de l'Hérault",
              "url": "http://www.wikidata.org/entity/Q251047",
              "coord": {
                     "lat": "43.576944444",
                     "lon": "3.3625"
              },
              "img": "http://commons.wikimedia.org/wiki/Special:FilePath/Cabrieres%20%2834%29%20mairie.JPG"
       },
       {
              "name": "Mérindol",
              "desc": "commune française du département de Vaucluse",
              "url": "http://www.wikidata.org/entity/Q470556",
              "coord": {
                     "lat": "43.75576",
                     "lon": "5.20256"
              },
              "img": "http://commons.wikimedia.org/wiki/Special:FilePath/Merindol.JPG"
       },
       {
              "name": "Strasbourg",
              "desc": "capitale de la région historique d'Alsace, préfecture du Bas-Rhin et de la région Grand Est",
              "url": "http://www.wikidata.org/entity/Q6602",
              "coord": {
                     "lat": "48.573333333",
                     "lon": "7.752222222"
              },
              "img": "http://commons.wikimedia.org/wiki/Special:FilePath/Strasburg.jpg"
       },
       {
              "name": "Genève",
              "desc": "ville de Suisse et chef-lieu du canton de Genève",
              "url": "http://www.wikidata.org/entity/Q71",
              "coord": {
                     "lat": "46.2",
                     "lon": "6.15"
              },
              "img": "http://commons.wikimedia.org/wiki/Special:FilePath/Geneva%20from%20Mount%20Sal%C3%A8ve.jpg"
       },
       {
              "name": "Fromont",
              "desc": "commune française du département de Seine-et-Marne",
              "url": "http://www.wikidata.org/entity/Q920581",
              "coord": {
                     "lat": "48.255555555",
                     "lon": "2.503888888"
              },
              "img": "http://commons.wikimedia.org/wiki/Special:FilePath/Fromont%20mairie.jpg"
       },
       {
              "name": "Ham-sur-Sambre",
              "desc": "section de Jemeppe-sur-Sambre, Belgique",
              "url": "http://www.wikidata.org/entity/Q2655059",
              "coord": {
                     "lat": "50.4439",
                     "lon": "4.6736"
              },
              "img": "http://commons.wikimedia.org/wiki/Special:FilePath/Ham-sur-Sambre%20Vi1a.jpg"
       },
       {
              "name": "Hanovre",
              "desc": "ville d'Allemagne",
              "url": "http://www.wikidata.org/entity/Q1715",
              "coord": {
                     "lat": "52.374444444",
                     "lon": "9.738611111"
              },
              "img": "http://commons.wikimedia.org/wiki/Special:FilePath/Neues%20Rathaus%20Hannover%202013.jpg"
       },
       {
              "name": "Bourgogne",
              "desc": "ancienne région administrative française",
              "url": "http://www.wikidata.org/entity/Q1173",
              "coord": {
                     "lat": "47.0",
                     "lon": "4.5"
              },
              "img": "http://commons.wikimedia.org/wiki/Special:FilePath/Chateau%20Tanlay%20facade%20cour%20grand%20chateau.jpg"
       },
       {
              "name": "Veigy-Foncenex",
              "desc": "commune française du département de la Haute-Savoie",
              "url": "http://www.wikidata.org/entity/Q774121",
              "coord": {
                     "lat": "46.271944444",
                     "lon": "6.258888888"
              },
              "img": "http://commons.wikimedia.org/wiki/Special:FilePath/OGolfpractice.jpg"
       },
       {
              "name": "Thonon-les-Bains",
              "desc": "commune française du département de la Haute-Savoie",
              "url": "http://www.wikidata.org/entity/Q206165",
              "coord": {
                     "lat": "46.370555555",
                     "lon": "6.479722222"
              },
              "img": "http://commons.wikimedia.org/wiki/Special:FilePath/Thonon%20les%20bains%20-%20port%20de%20rives.JPG"
       },
       {
              "name": "Londres",
              "desc": "capitale de l'Angleterre et du Royaume-Uni",
              "url": "http://www.wikidata.org/entity/Q84",
              "coord": {
                     "lat": "51.507222222",
                     "lon": "-0.1275"
              },
              "img": "http://commons.wikimedia.org/wiki/Special:FilePath/London%20Skyline%20%28125508655%29.jpeg"
       },
       {
              "name": "Noyon",
              "desc": "commune française du département de l'Oise",
              "url": "http://www.wikidata.org/entity/Q49831",
              "coord": {
                     "lat": "49.581111111",
                     "lon": "2.998888888"
              },
              "img": "http://commons.wikimedia.org/wiki/Special:FilePath/Cath%C3%A9drale%20de%20Noyon.JPG"
       }
]